<?xml version="1.0" encoding="utf-8"?>
<manifest xmlns:android="http://schemas.android.com/apk/res/android" package="com.unity3d.player" xmlns:tools="http://schemas.android.com/tools" android:installLocation="preferExternal">
  <supports-screens android:smallScreens="true" android:normalScreens="true" android:largeScreens="true" android:xlargeScreens="true" android:anyDensity="true" />
  <application android:theme="@style/UnityThemeSelector" android:icon="@mipmap/app_icon" android:label="@string/app_name">
    
	<activity android:name="com.unity3d.player.UnityPlayerActivity" android:label="@string/app_name">
      <intent-filter>
        <action android:name="android.intent.action.MAIN" />
        <category android:name="android.intent.category.LAUNCHER" />
      </intent-filter>
      <meta-data android:name="unityplayer.UnityActivity" android:value="true" />
    </activity>
    
	<!-- Using Single Broadcast Reciver :  "com.appsflyer.SingleInstallBroadcastReceiver"-->
	<!-- Using Multiple Broadcast Reciver :  "com.appsflyer.MultipleInstallBroadcastReceiver"-->
	<receiver android:name="com.appsflyer.SingleInstallBroadcastReceiver" android:exported="true">
		<intent-filter>
			<action android:name="com.android.vending.INSTALL_REFERRER" />
		</intent-filter>
	</receiver>

	
  </application>
  
  <!-- Required Permission For 'AppsFlyer' -->
  <uses-permission android:name="android.permission.INTERNET" />
	<uses-permission android:name="android.permission.ACCESS_NETWORK_STATE" />
	<uses-permission android:name="android.permission.ACCESS_WIFI_STATE" />
	<!-- Optional : -->
	<uses-permission android:name="android.permission.READ_PHONE_STATE" />
  
  
</manifest>